Workbook

Sheet Burndown
A2: Burndown da Sprint 1 · MultiCore ABP
A3: Período: 05/10 a 19/10/2026. Pontos Fibonacci estimados; datas de conclusão das issues do GitHub.
A5: Pontos planejados | B5: =Atividades!F11 -> 34 | C5: Pontos concluídos | D5: =SUM(G11:G25) -> 34 | E5: Atividades | F5: =COUNTA(Atividades!A6:A9) -> 4 | G5: Duração (dias) | H5: =A25-A11+1 -> 15
A8: Pontos concluídos por atividade em cada dia
A10: Data | B10: Dia | C10: #2 Figma | D10: #5 Casos de Uso | E10: #6 Banco de Dados | F10: #7 Conteúdo | G10: Total do dia | H10: Acumulado | I10: Saldo real | J10: Saldo ideal | K10: Issues encerradas
A11: 46300 | B11: Seg | C11: =IF($A11=Atividades!$E$6,Atividades!$F$6,0) -> 0 | D11: =IF($A11=Atividades!$E$7,Atividades!$F$7,0) -> 0 | E11: =IF($A11=Atividades!$E$8,Atividades!$F$8,0) -> 0 | F11: =IF($A11=Atividades!$E$9,Atividades!$F$9,0) -> 0 | G11: =SUM(C11:F11) -> 0 | H11: =SUM($G$11:G11) -> 0 | I11: =$B$5-H11 -> 34 | J11: =$B$5*(1-(A11-$A$11)/($A$25-$A$11)) -> 34 | K11: =IF(G11=0,"-",MID(IF(C11>0,", #2","")&IF(D11>0,", #5","")&IF(E11>0,", #6","")&IF(F11>0,", #7",""),3,40)) -> -
A12: 46301 | B12: Ter | C12: =IF($A12=Atividades!$E$6,Atividades!$F$6,0) -> 0 | D12: =IF($A12=Atividades!$E$7,Atividades!$F$7,0) -> 0 | E12: =IF($A12=Atividades!$E$8,Atividades!$F$8,0) -> 0 | F12: =IF($A12=Atividades!$E$9,Atividades!$F$9,0) -> 0 | G12: =SUM(C12:F12) -> 0 | H12: =SUM($G$11:G12) -> 0 | I12: =$B$5-H12 -> 34 | J12: =$B$5*(1-(A12-$A$11)/($A$25-$A$11)) -> 31.571429 | K12: =IF(G12=0,"-",MID(IF(C12>0,", #2","")&IF(D12>0,", #5","")&IF(E12>0,", #6","")&IF(F12>0,", #7",""),3,40)) -> -
A13: 46302 | B13: Qua | C13: =IF($A13=Atividades!$E$6,Atividades!$F$6,0) -> 0 | D13: =IF($A13=Atividades!$E$7,Atividades!$F$7,0) -> 0 | E13: =IF($A13=Atividades!$E$8,Atividades!$F$8,0) -> 0 | F13: =IF($A13=Atividades!$E$9,Atividades!$F$9,0) -> 0 | G13: =SUM(C13:F13) -> 0 | H13: =SUM($G$11:G13) -> 0 | I13: =$B$5-H13 -> 34 | J13: =$B$5*(1-(A13-$A$11)/($A$25-$A$11)) -> 29.142857 | K13: =IF(G13=0,"-",MID(IF(C13>0,", #2","")&IF(D13>0,", #5","")&IF(E13>0,", #6","")&IF(F13>0,", #7",""),3,40)) -> -
A14: 46303 | B14: Qui | C14: =IF($A14=Atividades!$E$6,Atividades!$F$6,0) -> 0 | D14: =IF($A14=Atividades!$E$7,Atividades!$F$7,0) -> 0 | E14: =IF($A14=Atividades!$E$8,Atividades!$F$8,0) -> 0 | F14: =IF($A14=Atividades!$E$9,Atividades!$F$9,0) -> 0 | G14: =SUM(C14:F14) -> 0 | H14: =SUM($G$11:G14) -> 0 | I14: =$B$5-H14 -> 34 | J14: =$B$5*(1-(A14-$A$11)/($A$25-$A$11)) -> 26.714286 | K14: =IF(G14=0,"-",MID(IF(C14>0,", #2","")&IF(D14>0,", #5","")&IF(E14>0,", #6","")&IF(F14>0,", #7",""),3,40)) -> -
A15: 46304 | B15: Sex | C15: =IF($A15=Atividades!$E$6,Atividades!$F$6,0) -> 0 | D15: =IF($A15=Atividades!$E$7,Atividades!$F$7,0) -> 0 | E15: =IF($A15=Atividades!$E$8,Atividades!$F$8,0) -> 0 | F15: =IF($A15=Atividades!$E$9,Atividades!$F$9,0) -> 0 | G15: =SUM(C15:F15) -> 0 | H15: =SUM($G$11:G15) -> 0 | I15: =$B$5-H15 -> 34 | J15: =$B$5*(1-(A15-$A$11)/($A$25-$A$11)) -> 24.285714 | K15: =IF(G15=0,"-",MID(IF(C15>0,", #2","")&IF(D15>0,", #5","")&IF(E15>0,", #6","")&IF(F15>0,", #7",""),3,40)) -> -
A16: 46305 | B16: Sáb | C16: =IF($A16=Atividades!$E$6,Atividades!$F$6,0) -> 0 | D16: =IF($A16=Atividades!$E$7,Atividades!$F$7,0) -> 0 | E16: =IF($A16=Atividades!$E$8,Atividades!$F$8,0) -> 0 | F16: =IF($A16=Atividades!$E$9,Atividades!$F$9,0) -> 0 | G16: =SUM(C16:F16) -> 0 | H16: =SUM($G$11:G16) -> 0 | I16: =$B$5-H16 -> 34 | J16: =$B$5*(1-(A16-$A$11)/($A$25-$A$11)) -> 21.857143 | K16: =IF(G16=0,"-",MID(IF(C16>0,", #2","")&IF(D16>0,", #5","")&IF(E16>0,", #6","")&IF(F16>0,", #7",""),3,40)) -> -
A17: 46306 | B17: Dom | C17: =IF($A17=Atividades!$E$6,Atividades!$F$6,0) -> 0 | D17: =IF($A17=Atividades!$E$7,Atividades!$F$7,0) -> 0 | E17: =IF($A17=Atividades!$E$8,Atividades!$F$8,0) -> 0 | F17: =IF($A17=Atividades!$E$9,Atividades!$F$9,0) -> 0 | G17: =SUM(C17:F17) -> 0 | H17: =SUM($G$11:G17) -> 0 | I17: =$B$5-H17 -> 34 | J17: =$B$5*(1-(A17-$A$11)/($A$25-$A$11)) -> 19.428571 | K17: =IF(G17=0,"-",MID(IF(C17>0,", #2","")&IF(D17>0,", #5","")&IF(E17>0,", #6","")&IF(F17>0,", #7",""),3,40)) -> -
A18: 46307 | B18: Seg | C18: =IF($A18=Atividades!$E$6,Atividades!$F$6,0) -> 0 | D18: =IF($A18=Atividades!$E$7,Atividades!$F$7,0) -> 0 | E18: =IF($A18=Atividades!$E$8,Atividades!$F$8,0) -> 0 | F18: =IF($A18=Atividades!$E$9,Atividades!$F$9,0) -> 0 | G18: =SUM(C18:F18) -> 0 | H18: =SUM($G$11:G18) -> 0 | I18: =$B$5-H18 -> 34 | J18: =$B$5*(1-(A18-$A$11)/($A$25-$A$11)) -> 17 | K18: =IF(G18=0,"-",MID(IF(C18>0,", #2","")&IF(D18>0,", #5","")&IF(E18>0,", #6","")&IF(F18>0,", #7",""),3,40)) -> -
A19: 46308 | B19: Ter | C19: =IF($A19=Atividades!$E$6,Atividades!$F$6,0) -> 0 | D19: =IF($A19=Atividades!$E$7,Atividades!$F$7,0) -> 0 | E19: =IF($A19=Atividades!$E$8,Atividades!$F$8,0) -> 0 | F19: =IF($A19=Atividades!$E$9,Atividades!$F$9,0) -> 13 | G19: =SUM(C19:F19) -> 13 | H19: =SUM($G$11:G19) -> 13 | I19: =$B$5-H19 -> 21 | J19: =$B$5*(1-(A19-$A$11)/($A$25-$A$11)) -> 14.571429 | K19: =IF(G19=0,"-",MID(IF(C19>0,", #2","")&IF(D19>0,", #5","")&IF(E19>0,", #6","")&IF(F19>0,", #7",""),3,40)) -> #7
A20: 46309 | B20: Qua | C20: =IF($A20=Atividades!$E$6,Atividades!$F$6,0) -> 0 | D20: =IF($A20=Atividades!$E$7,Atividades!$F$7,0) -> 0 | E20: =IF($A20=Atividades!$E$8,Atividades!$F$8,0) -> 0 | F20: =IF($A20=Atividades!$E$9,Atividades!$F$9,0) -> 0 | G20: =SUM(C20:F20) -> 0 | H20: =SUM($G$11:G20) -> 13 | I20: =$B$5-H20 -> 21 | J20: =$B$5*(1-(A20-$A$11)/($A$25-$A$11)) -> 12.142857 | K20: =IF(G20=0,"-",MID(IF(C20>0,", #2","")&IF(D20>0,", #5","")&IF(E20>0,", #6","")&IF(F20>0,", #7",""),3,40)) -> -
A21: 46310 | B21: Qui | C21: =IF($A21=Atividades!$E$6,Atividades!$F$6,0) -> 0 | D21: =IF($A21=Atividades!$E$7,Atividades!$F$7,0) -> 0 | E21: =IF($A21=Atividades!$E$8,Atividades!$F$8,0) -> 0 | F21: =IF($A21=Atividades!$E$9,Atividades!$F$9,0) -> 0 | G21: =SUM(C21:F21) -> 0 | H21: =SUM($G$11:G21) -> 13 | I21: =$B$5-H21 -> 21 | J21: =$B$5*(1-(A21-$A$11)/($A$25-$A$11)) -> 9.7142857 | K21: =IF(G21=0,"-",MID(IF(C21>0,", #2","")&IF(D21>0,", #5","")&IF(E21>0,", #6","")&IF(F21>0,", #7",""),3,40)) -> -
A22: 46311 | B22: Sex | C22: =IF($A22=Atividades!$E$6,Atividades!$F$6,0) -> 0 | D22: =IF($A22=Atividades!$E$7,Atividades!$F$7,0) -> 5 | E22: =IF($A22=Atividades!$E$8,Atividades!$F$8,0) -> 0 | F22: =IF($A22=Atividades!$E$9,Atividades!$F$9,0) -> 0 | G22: =SUM(C22:F22) -> 5 | H22: =SUM($G$11:G22) -> 18 | I22: =$B$5-H22 -> 16 | J22: =$B$5*(1-(A22-$A$11)/($A$25-$A$11)) -> 7.2857143 | K22: =IF(G22=0,"-",MID(IF(C22>0,", #2","")&IF(D22>0,", #5","")&IF(E22>0,", #6","")&IF(F22>0,", #7",""),3,40)) -> #5
... A25: 46314 | B25: Seg | C25: =IF($A25=Atividades!$E$6,Atividades!$F$6,0) -> 8 | D25: =IF($A25=Atividades!$E$7,Atividades!$F$7,0) -> 0 | E25: =IF($A25=Atividades!$E$8,Atividades!$F$8,0) -> 8 | F25: =IF($A25=Atividades!$E$9,Atividades!$F$9,0) -> 0 | G25: =SUM(C25:F25) -> 16 | H25: =SUM($G$11:G25) -> 34 | I25: =$B$5-H25 -> 0 | J25: =$B$5*(1-(A25-$A$11)/($A$25-$A$11)) -> 0 | K25: =IF(G25=0,"-",MID(IF(C25>0,", #2","")&IF(D25>0,", #5","")&IF(E25>0,", #6","")&IF(F25>0,", #7",""),3,40)) -> #2, #6
A27: Total da Sprint 1 | C27: =SUM(C11:C25) -> 8 | D27: =SUM(D11:D25) -> 5 | E27: =SUM(E11:E25) -> 8 | F27: =SUM(F11:F25) -> 13 | G27: =SUM(G11:G25) -> 34 | H27: =MAX(H11:H25) -> 34 | I27: =I25 -> 0 | J27: =J25 -> 0
A29: Leitura: dias em verde tiveram entregas. Saldo real acima da linha ideal = atrasado; abaixo = adiantado. Edite os pontos em Atividades!F6:F9.

Sheet Atividades
A2: Atividades da Sprint 1
A3: Datas e status vêm das issues do GitHub. Os pontos Fibonacci (células azuis) são estimativas e podem ser editadas: o burndown recalcula sozinho.
A5: Issue | B5: Atividade | C5: Área | D5: Responsáveis | E5: Data de conclusão | F5: Pontos Fibonacci | G5: Critério da estimativa | H5: Status | I5: Fonte
A6: #2 | B6: Protótipo da aplicação no Figma | C6: Design | D6: eduardasantosalves, Juliocms46 | E6: 46314 | F6: 8 | G6: Telas e fluxo de navegação de toda a plataforma; complexidade média-alta. | H6: Concluída | I6: https://github.com/MultiCoreDSM/ABP/issues/2
A7: #5 | B7: Diagrama de Casos de Uso | C7: Documentação / Modelagem | D7: Enzo2712, Rafinbolis | E7: 46311 | F7: 5 | G7: Entrega única e bem delimitada (atores e funcionalidades); menor escopo da sprint. | H7: Concluída | I7: https://github.com/MultiCoreDSM/ABP/issues/5
A8: #6 | B8: Modelagem do Banco de Dados | C8: Banco de Dados | D8: Araujojvl, GustavoMGreco | E8: 46314 | F8: 8 | G8: Várias entidades e relacionamentos (candidatos, temas, questões, alternativas, respostas). | H8: Concluída | I8: https://github.com/MultiCoreDSM/ABP/issues/6
A9: #7 | B9: Conteúdo das aulas do curso | C9: Documentação / Modelagem | D9: GabrielBechtlufft, YanRafael2711 | E9: 46308 | F9: 13 | G9: Maior volume: materiais de 12 temas e as questões da certificação. | H9: Concluída | I9: https://github.com/MultiCoreDSM/ABP/issues/7
A11: Total estimado da Sprint 1 | F11: =SUM(F6:F9) -> 34
A14: Fontes e metodologia
A15: Repositório | B15: https://github.com/MultiCoreDSM/ABP
A16: Backlog da Sprint 1 | B16: https://github.com/MultiCoreDSM/ABP/blob/main/docs/sprints/sprint-1/BACKLOG.md
A17: Kanban ABP | B17: https://github.com/users/MultiCoreDSM/projects/1
A18: Período | B18: 05/10/2026 (abertura das issues) a 19/10/2026 (último fechamento), 15 dias corridos.
A19: Regra de baixa | B19: Os pontos são baixados integralmente na data de fechamento da issue; não há progresso parcial.
A20: Escala | B20: Fibonacci (5, 8, 13), relativa ao escopo e complexidade das quatro entregas. Estimativa nossa, não registrada no GitHub.
A21: Linha ideal | B21: Queda linear do total de pontos em 05/10 até zero em 19/10.
